Date,Value,year,month
189501,47.4,1895,1
189502,56.1,1895,2
189503,58.2,1895,3
189504,65.6,1895,4
189505,74.3,1895,5
189506,84.1,1895,6
189507,86.4,1895,7
189508,86.6,1895,8
189509,79.4,1895,9
189510,72.7,1895,10
189511,59.5,1895,11
189512,50.7,1895,12
189601,53.9,1896,1
189602,59.4,1896,2
189603,60.2,1896,3
189604,59.6,1896,4
189605,71.3,1896,5
189606,86.1,1896,6
189607,89.6,1896,7
189608,87.2,1896,8
189609,79.7,1896,9
189610,72.9,1896,10
189611,57.0,1896,11
189612,54.5,1896,12
189701,49.8,1897,1
189702,50.4,1897,2
189703,52.3,1897,3
189704,69.6,1897,4
189705,77.4,1897,5
189706,81.5,1897,6
189707,89.1,1897,7
189708,89.5,1897,8
189709,80.3,1897,9
189710,67.0,1897,10
189711,59.4,1897,11
189712,52.0,1897,12
189801,46.6,1898,1
189802,57.4,1898,2
189803,57.7,1898,3
189804,70.5,1898,4
189805,70.6,1898,5
189806,83.7,1898,6
189807,89.9,1898,7
189808,89.8,1898,8
189809,82.4,1898,9
189810,72.4,1898,10
189811,60.8,1898,11
189812,51.5,1898,12
189901,52.7,1899,1
189902,56.0,1899,2
189903,57.9,1899,3
189904,67.9,1899,4
189905,69.5,1899,5
189906,83.5,1899,6
189907,90.9,1899,7
189908,83.6,1899,8
189909,87.3,1899,9
189910,67.3,1899,10
189911,60.1,1899,11
189912,51.7,1899,12
190001,54.1,1900,1
190002,58.5,1900,2
190003,65.2,1900,3
190004,62.5,1900,4
190005,75.5,1900,5
190006,84.6,1900,6
190007,90.4,1900,7
190008,84.3,1900,8
190009,77.8,1900,9
190010,69.3,1900,10
190011,62.5,1900,11
190012,54.6,1900,12
190101,50.4,1901,1
190102,54.0,1901,2
190103,62.0,1901,3
190104,64.8,1901,4
190105,71.8,1901,5
190106,82.9,1901,6
190107,90.5,1901,7
190108,89.8,1901,8
190109,79.5,1901,9
190110,74.0,1901,10
190111,63.3,1901,11
190112,56.5,1901,12
190201,52.0,1902,1
190202,55.6,1902,2
190203,56.4,1902,3
190204,64.6,1902,4
190205,71.6,1902,5
190206,85.0,1902,6
190207,87.9,1902,7
190208,86.9,1902,8
190209,84.5,1902,9
190210,71.1,1902,10
190211,56.8,1902,11
190212,51.7,1902,12
190301,51.7,1903,1
190302,48.9,1903,2
190303,56.7,1903,3
190304,63.4,1903,4
190305,74.1,1903,5
190306,83.8,1903,6
190307,87.1,1903,7
190308,88.9,1903,8
190309,81.4,1903,9
190310,75.6,1903,10
190311,61.3,1903,11
190312,54.7,1903,12
190401,52.9,1904,1
190402,54.7,1904,2
190403,56.4,1904,3
190404,65.7,1904,4
190405,76.6,1904,5
190406,84.8,1904,6
190407,87.7,1904,7
190408,89.2,1904,8
190409,82.1,1904,9
190410,70.5,1904,10
190411,63.9,1904,11
190412,53.6,1904,12
190501,54.6,1905,1
190502,56.3,1905,2
190503,60.2,1905,3
190504,66.0,1905,4
190505,68.7,1905,5
190506,81.2,1905,6
190507,91.1,1905,7
190508,89.6,1905,8
190509,83.4,1905,9
190510,73.6,1905,10
190511,59.8,1905,11
190512,51.4,1905,12
190601,54.0,1906,1
190602,57.5,1906,2
190603,57.6,1906,3
190604,64.1,1906,4
190605,68.3,1906,5
190606,78.8,1906,6
190607,93.1,1906,7
190608,88.4,1906,8
190609,82.6,1906,9
190610,75.2,1906,10
190611,58.0,1906,11
190612,50.5,1906,12
190701,47.1,1907,1
190702,59.5,1907,2
190703,54.6,1907,3
190704,66.5,1907,4
190705,71.4,1907,5
190706,77.8,1907,6
190707,87.8,1907,7
190708,85.6,1907,8
190709,79.6,1907,9
190710,70.6,1907,10
190711,61.9,1907,11
190712,53.8,1907,12
190801,52.7,1908,1
190802,52.4,1908,2
190803,61.1,1908,3
190804,69.4,1908,4
190805,69.2,1908,5
190806,79.9,1908,6
190807,92.1,1908,7
190808,88.0,1908,8
190809,81.8,1908,9
190810,69.2,1908,10
190811,62.0,1908,11
190812,50.0,1908,12
190901,52.2,1909,1
190902,51.4,1909,2
190903,55.4,1909,3
190904,68.2,1909,4
190905,72.1,1909,5
190906,82.2,1909,6
190907,87.4,1909,7
190908,88.6,1909,8
190909,81.6,1909,9
190910,70.7,1909,10
190911,58.7,1909,11
190912,48.0,1909,12
191001,47.5,1910,1
191002,52.9,1910,2
191003,64.2,1910,3
191004,70.9,1910,4
191005,79.0,1910,5
191006,82.3,1910,6
191007,90.6,1910,7
191008,90.0,1910,8
191009,82.1,1910,9
191010,73.3,1910,10
191011,60.7,1910,11
191012,55.1,1910,12
191101,51.9,1911,1
191102,49.6,1911,2
191103,60.0,1911,3
191104,63.3,1911,4
191105,70.4,1911,5
191106,81.6,1911,6
191107,90.3,1911,7
191108,87.5,1911,8
191109,78.2,1911,9
191110,71.2,1911,10
191111,61.1,1911,11
191112,51.0,1911,12
191201,53.9,1912,1
191202,58.8,1912,2
191203,54.8,1912,3
191204,59.9,1912,4
191205,72.5,1912,5
191206,81.7,1912,6
191207,86.0,1912,7
191208,85.7,1912,8
191209,79.7,1912,9
191210,67.1,1912,10
191211,61.3,1912,11
191212,52.8,1912,12
191301,48.7,1913,1
191302,54.2,1913,2
191303,58.6,1913,3
191304,66.0,1913,4
191305,74.4,1913,5
191306,78.4,1913,6
191307,87.2,1913,7
191308,89.4,1913,8
191309,85.0,1913,9
191310,74.8,1913,10
191311,59.1,1913,11
191312,51.4,1913,12
191401,52.0,1914,1
191402,55.9,1914,2
191403,65.5,1914,3
191404,66.0,1914,4
191405,74.3,1914,5
191406,80.9,1914,6
191407,88.7,1914,7
191408,89.1,1914,8
191409,80.4,1914,9
191410,71.4,1914,10
191411,65.5,1914,11
191412,47.6,1914,12
191501,50.2,1915,1
191502,52.1,1915,2
191503,62.2,1915,3
191504,65.2,1915,4
191505,67.9,1915,5
191506,83.0,1915,6
191507,88.0,1915,7
191508,91.2,1915,8
191509,81.2,1915,9
191510,76.6,1915,10
191511,59.9,1915,11
191512,52.6,1915,12
191601,44.8,1916,1
191602,57.7,1916,2
191603,63.1,1916,3
191604,69.0,1916,4
191605,71.6,1916,5
191606,81.6,1916,6
191607,88.0,1916,7
191608,86.6,1916,8
191609,81.6,1916,9
191610,65.7,1916,10
191611,58.8,1916,11
191612,49.3,1916,12
191701,46.5,1917,1
191702,53.6,1917,2
191703,56.2,1917,3
191704,63.8,1917,4
191705,67.6,1917,5
191706,86.0,1917,6
191707,92.6,1917,7
191708,89.0,1917,8
191709,83.7,1917,9
191710,78.2,1917,10
191711,63.6,1917,11
191712,58.7,1917,12
191801,53.9,1918,1
191802,53.6,1918,2
191803,58.9,1918,3
191804,67.3,1918,4
191805,70.9,1918,5
191806,89.7,1918,6
191807,88.3,1918,7
191808,87.4,1918,8
191809,80.5,1918,9
191810,73.0,1918,10
191811,58.1,1918,11
191812,50.9,1918,12
191901,54.4,1919,1
191902,50.5,1919,2
191903,56.1,1919,3
191904,68.0,1919,4
191905,76.3,1919,5
191906,84.5,1919,6
191907,90.4,1919,7
191908,89.9,1919,8
191909,81.2,1919,9
191910,68.5,1919,10
191911,60.4,1919,11
191912,52.2,1919,12
192001,55.5,1920,1
192002,56.6,1920,2
192003,56.8,1920,3
192004,64.4,1920,4
192005,75.3,1920,5
192006,81.7,1920,6
192007,89.0,1920,7
192008,89.6,1920,8
192009,80.2,1920,9
192010,66.4,1920,10
192011,58.2,1920,11
192012,51.1,1920,12
192101,50.0,1921,1
192102,57.0,1921,2
192103,61.6,1921,3
192104,65.8,1921,4
192105,69.2,1921,5
192106,83.5,1921,6
192107,91.2,1921,7
192108,88.1,1921,8
192109,82.4,1921,9
192110,74.2,1921,10
192111,63.9,1921,11
192112,54.2,1921,12
192201,47.6,1922,1
192202,50.1,1922,2
192203,55.4,1922,3
192204,63.3,1922,4
192205,75.7,1922,5
192206,84.7,1922,6
192207,91.5,1922,7
192208,87.9,1922,8
192209,87.8,1922,9
192210,71.1,1922,10
192211,57.2,1922,11
192212,52.2,1922,12
192301,51.8,1923,1
192302,55.4,1923,2
192303,62.9,1923,3
192304,62.8,1923,4
192305,75.0,1923,5
192306,77.1,1923,6
192307,88.8,1923,7
192308,87.6,1923,8
192309,82.5,1923,9
192310,70.4,1923,10
192311,64.4,1923,11
192312,51.8,1923,12
192401,53.1,1924,1
192402,62.1,1924,2
192403,57.7,1924,3
192404,67.9,1924,4
192405,80.2,1924,5
192406,86.2,1924,6
192407,89.8,1924,7
192408,88.8,1924,8
192409,84.4,1924,9
192410,68.2,1924,10
192411,61.5,1924,11
192412,49.4,1924,12
192501,53.4,1925,1
192502,57.3,1925,2
192503,62.6,1925,3
192504,65.5,1925,4
192505,74.1,1925,5
192506,83.2,1925,6
192507,91.4,1925,7
192508,86.7,1925,8
192509,77.8,1925,9
192510,70.0,1925,10
192511,59.3,1925,11
192512,55.3,1925,12
192601,52.8,1926,1
192602,57.4,1926,2
192603,66.3,1926,3
192604,68.6,1926,4
192605,76.2,1926,5
192606,88.2,1926,6
192607,91.7,1926,7
192608,89.3,1926,8
192609,81.2,1926,9
192610,74.6,1926,10
192611,65.0,1926,11
192612,50.9,1926,12
192701,53.1,1927,1
192702,54.2,1927,2
192703,58.6,1927,3
192704,65.6,1927,4
192705,74.1,1927,5
192706,82.6,1927,6
192707,91.4,1927,7
192708,87.7,1927,8
192709,79.3,1927,9
192710,74.2,1927,10
192711,61.2,1927,11
192712,51.0,1927,12
192801,54.1,1928,1
192802,57.7,1928,2
192803,62.6,1928,3
192804,66.7,1928,4
192805,78.4,1928,5
192806,83.3,1928,6
192807,90.4,1928,7
192808,89.7,1928,8
192809,85.2,1928,9
192810,71.7,1928,10
192811,60.1,1928,11
192812,50.9,1928,12
192901,49.6,1929,1
192902,53.5,1929,2
192903,60.4,1929,3
192904,61.9,1929,4
192905,76.9,1929,5
192906,82.3,1929,6
192907,90.2,1929,7
192908,91.4,1929,8
192909,82.3,1929,9
192910,76.2,1929,10
192911,67.0,1929,11
192912,59.0,1929,12
193001,48.3,1930,1
193002,60.3,1930,2
193003,62.0,1930,3
193004,68.7,1930,4
193005,69.2,1930,5
193006,84.9,1930,6
193007,90.5,1930,7
193008,88.6,1930,8
193009,78.6,1930,9
193010,72.4,1930,10
193011,63.0,1930,11
193012,54.1,1930,12
193101,53.6,1931,1
193102,56.4,1931,2
193103,64.3,1931,3
193104,71.2,1931,4
193105,79.8,1931,5
193106,81.3,1931,6
193107,95.6,1931,7
193108,91.1,1931,8
193109,81.1,1931,9
193110,72.2,1931,10
193111,56.9,1931,11
193112,48.6,1931,12
193201,47.9,1932,1
193202,52.7,1932,2
193203,62.5,1932,3
193204,65.7,1932,4
193205,73.3,1932,5
193206,84.2,1932,6
193207,89.2,1932,7
193208,89.2,1932,8
193209,87.3,1932,9
193210,73.1,1932,10
193211,66.5,1932,11
193212,48.2,1932,12
193301,47.5,1933,1
193302,51.4,1933,2
193303,60.3,1933,3
193304,65.9,1933,4
193305,67.7,1933,5
193306,82.0,1933,6
193307,93.4,1933,7
193308,90.7,1933,8
193309,81.8,1933,9
193310,78.7,1933,10
193311,66.1,1933,11
193312,53.3,1933,12
193401,55.7,1934,1
193402,58.4,1934,2
193403,70.6,1934,3
193404,74.2,1934,4
193405,78.6,1934,5
193406,79.8,1934,6
193407,90.6,1934,7
193408,90.5,1934,8
193409,84.9,1934,9
193410,73.1,1934,10
193411,60.6,1934,11
193412,53.6,1934,12
193501,50.4,1935,1
193502,55.5,1935,2
193503,55.4,1935,3
193504,64.4,1935,4
193505,73.4,1935,5
193506,86.6,1935,6
193507,88.6,1935,7
193508,90.1,1935,8
193509,85.6,1935,9
193510,70.8,1935,10
193511,58.5,1935,11
193512,54.4,1935,12
193601,54.4,1936,1
193602,53.4,1936,2
193603,63.8,1936,3
193604,69.6,1936,4
193605,77.4,1936,5
193606,83.8,1936,6
193607,91.4,1936,7
193608,90.9,1936,8
193609,85.1,1936,9
193610,74.4,1936,10
193611,65.2,1936,11
193612,52.3,1936,12
193701,40.9,1937,1
193702,51.8,1937,2
193703,58.7,1937,3
193704,65.0,1937,4
193705,77.4,1937,5
193706,82.7,1937,6
193707,91.5,1937,7
193708,91.2,1937,8
193709,85.2,1937,9
193710,74.8,1937,10
193711,62.2,1937,11
193712,56.5,1937,12
193801,54.3,1938,1
193802,52.0,1938,2
193803,54.4,1938,3
193804,65.3,1938,4
193805,75.0,1938,5
193806,84.0,1938,6
193807,90.3,1938,7
193808,89.1,1938,8
193809,85.2,1938,9
193810,70.2,1938,10
193811,59.4,1938,11
193812,55.4,1938,12
193901,52.7,1939,1
193902,50.9,1939,2
193903,60.7,1939,3
193904,72.4,1939,4
193905,76.3,1939,5
193906,83.9,1939,6
193907,91.1,1939,7
193908,91.3,1939,8
193909,82.7,1939,9
193910,73.1,1939,10
193911,65.8,1939,11
193912,58.1,1939,12
194001,53.3,1940,1
194002,54.8,1940,2
194003,63.1,1940,3
194004,67.7,1940,4
194005,78.8,1940,5
194006,87.9,1940,6
194007,89.3,1940,7
194008,90.7,1940,8
194009,79.8,1940,9
194010,73.4,1940,10
194011,59.4,1940,11
194012,55.6,1940,12
194101,52.6,1941,1
194102,55.7,1941,2
194103,61.3,1941,3
194104,62.3,1941,4
194105,74.8,1941,5
194106,79.8,1941,6
194107,90.4,1941,7
194108,85.0,1941,8
194109,79.8,1941,9
194110,68.7,1941,10
194111,62.8,1941,11
194112,52.0,1941,12
194201,52.4,1942,1
194202,53.1,1942,2
194203,60.5,1942,3
194204,63.6,1942,4
194205,71.0,1942,5
194206,82.5,1942,6
194207,91.9,1942,7
194208,89.6,1942,8
194209,83.1,1942,9
194210,74.4,1942,10
194211,61.8,1942,11
194212,54.4,1942,12
194301,53.6,1943,1
194302,58.0,1943,2
194303,60.5,1943,3
194304,67.5,1943,4
194305,76.5,1943,5
194306,78.7,1943,6
194307,89.8,1943,7
194308,87.4,1943,8
194309,87.3,1943,9
194310,72.4,1943,10
194311,63.6,1943,11
194312,53.2,1943,12
194401,51.8,1944,1
194402,51.7,1944,2
194403,60.5,1944,3
194404,62.6,1944,4
194405,74.0,1944,5
194406,77.0,1944,6
194407,88.0,1944,7
194408,89.7,1944,8
194409,85.6,1944,9
194410,75.0,1944,10
194411,55.8,1944,11
194412,54.6,1944,12
194501,52.5,1945,1
194502,55.4,1945,2
194503,54.9,1945,3
194504,67.8,1945,4
194505,71.9,1945,5
194506,82.0,1945,6
194507,92.1,1945,7
194508,88.5,1945,8
194509,85.0,1945,9
194510,73.1,1945,10
194511,58.6,1945,11
194512,51.4,1945,12
194601,53.1,1946,1
194602,53.8,1946,2
194603,59.4,1946,3
194604,69.9,1946,4
194605,74.5,1946,5
194606,82.5,1946,6
194607,89.3,1946,7
194608,90.1,1946,8
194609,84.1,1946,9
194610,68.1,1946,10
194611,56.4,1946,11
194612,52.9,1946,12
194701,51.8,1947,1
194702,59.5,1947,2
194703,62.9,1947,3
194704,69.3,1947,4
194705,79.5,1947,5
194706,81.2,1947,6
194707,88.5,1947,7
194708,86.5,1947,8
194709,86.8,1947,9
194710,71.1,1947,10
194711,57.3,1947,11
194712,52.0,1947,12
194801,58.2,1948,1
194802,53.6,1948,2
194803,55.5,1948,3
194804,62.3,1948,4
194805,71.1,1948,5
194806,81.0,1948,6
194807,88.2,1948,7
194808,87.7,1948,8
194809,83.6,1948,9
194810,72.4,1948,10
194811,60.4,1948,11
194812,47.9,1948,12
194901,42.1,1949,1
194902,49.9,1949,2
194903,55.8,1949,3
194904,71.3,1949,4
194905,73.2,1949,5
194906,84.7,1949,6
194907,89.6,1949,7
194908,86.8,1949,8
194909,85.6,1949,9
194910,71.6,1949,10
194911,68.2,1949,11
194912,51.8,1949,12
195001,47.0,1950,1
195002,57.8,1950,2
195003,60.0,1950,3
195004,69.9,1950,4
195005,75.2,1950,5
195006,81.8,1950,6
195007,90.8,1950,7
195008,90.7,1950,8
195009,81.4,1950,9
195010,74.5,1950,10
195011,64.4,1950,11
195012,57.4,1950,12
195101,51.3,1951,1
195102,54.8,1951,2
195103,60.7,1951,3
195104,67.4,1951,4
195105,74.8,1951,5
195106,83.5,1951,6
195107,90.3,1951,7
195108,88.5,1951,8
195109,86.4,1951,9
195110,71.7,1951,10
195111,59.8,1951,11
195112,49.4,1951,12
195201,46.8,1952,1
195202,54.2,1952,2
195203,53.2,1952,3
195204,66.7,1952,4
195205,77.5,1952,5
195206,77.9,1952,6
195207,90.5,1952,7
195208,89.7,1952,8
195209,85.6,1952,9
195210,78.6,1952,10
195211,58.4,1952,11
195212,50.0,1952,12
195301,56.4,1953,1
195302,58.0,1953,2
195303,60.7,1953,3
195304,65.0,1953,4
195305,67.5,1953,5
195306,78.3,1953,6
195307,91.8,1953,7
195308,86.4,1953,8
195309,86.3,1953,9
195310,72.8,1953,10
195311,61.4,1953,11
195312,55.1,1953,12
195401,52.0,1954,1
195402,60.8,1954,2
195403,56.5,1954,3
195404,70.4,1954,4
195405,78.3,1954,5
195406,80.5,1954,6
195407,91.1,1954,7
195408,85.0,1954,8
195409,83.0,1954,9
195410,74.1,1954,10
195411,62.7,1954,11
195412,51.0,1954,12
195501,47.0,1955,1
195502,53.2,1955,2
195503,60.8,1955,3
195504,61.7,1955,4
195505,73.0,1955,5
195506,81.9,1955,6
195507,86.5,1955,7
195508,90.8,1955,8
195509,85.0,1955,9
195510,75.3,1955,10
195511,59.7,1955,11
195512,53.0,1955,12
195601,52.4,1956,1
195602,51.7,1956,2
195603,62.4,1956,3
195604,65.1,1956,4
195605,73.6,1956,5
195606,83.8,1956,6
195607,88.9,1956,7
195608,86.8,1956,8
195609,85.8,1956,9
195610,69.6,1956,10
195611,64.1,1956,11
195612,56.5,1956,12
195701,47.9,1957,1
195702,57.3,1957,2
195703,59.8,1957,3
195704,66.1,1957,4
195705,70.5,1957,5
195706,86.4,1957,6
195707,90.0,1957,7
195708,87.5,1957,8
195709,84.0,1957,9
195710,66.9,1957,10
195711,57.8,1957,11
195712,54.2,1957,12
195801,53.8,1958,1
195802,56.7,1958,2
195803,53.8,1958,3
195804,65.1,1958,4
195805,78.0,1958,5
195806,81.3,1958,6
195807,88.9,1958,7
195808,91.6,1958,8
195809,85.2,1958,9
195810,78.0,1958,10
195811,62.5,1958,11
195812,60.9,1958,12
195901,55.5,1959,1
195902,53.3,1959,2
195903,65.4,1959,3
195904,73.0,1959,4
195905,72.5,1959,5
195906,86.3,1959,6
195907,93.9,1959,7
195908,88.8,1959,8
195909,80.6,1959,9
195910,76.1,1959,10
195911,66.5,1959,11
195912,55.9,1959,12
196001,49.1,1960,1
196002,53.8,1960,2
196003,63.5,1960,3
196004,67.4,1960,4
196005,73.7,1960,5
196006,88.8,1960,6
196007,92.9,1960,7
196008,89.8,1960,8
196009,86.4,1960,9
196010,72.6,1960,10
196011,58.1,1960,11
196012,53.4,1960,12
196101,55.6,1961,1
196102,58.0,1961,2
196103,59.1,1961,3
196104,69.1,1961,4
196105,71.2,1961,5
196106,87.5,1961,6
196107,92.4,1961,7
196108,89.3,1961,8
196109,81.3,1961,9
196110,73.0,1961,10
196111,59.0,1961,11
196112,51.0,1961,12
196201,52.5,1962,1
196202,52.0,1962,2
196203,55.5,1962,3
196204,72.6,1962,4
196205,70.6,1962,5
196206,83.4,1962,6
196207,89.4,1962,7
196208,89.3,1962,8
196209,84.6,1962,9
196210,72.2,1962,10
196211,63.3,1962,11
196212,56.2,1962,12
196301,52.3,1963,1
196302,62.2,1963,2
196303,58.3,1963,3
196304,59.2,1963,4
196305,73.4,1963,5
196306,79.0,1963,6
196307,87.6,1963,7
196308,87.5,1963,8
196309,84.4,1963,9
196310,72.4,1963,10
196311,58.5,1963,11
196312,53.4,1963,12
196401,51.0,1964,1
196402,57.2,1964,2
196403,58.0,1964,3
196404,65.5,1964,4
196405,71.2,1964,5
196406,79.8,1964,6
196407,89.8,1964,7
196408,88.8,1964,8
196409,82.2,1964,9
196410,77.9,1964,10
196411,55.7,1964,11
196412,52.9,1964,12
196501,52.5,1965,1
196502,57.6,1965,2
196503,59.6,1965,3
196504,62.8,1965,4
196505,72.7,1965,5
196506,78.1,1965,6
196507,88.2,1965,7
196508,87.5,1965,8
196509,78.8,1965,9
196510,78.6,1965,10
196511,59.5,1965,11
196512,49.4,1965,12
196601,50.9,1966,1
196602,52.5,1966,2
196603,62.0,1966,3
196604,72.0,1966,4
196605,78.0,1966,5
196606,83.2,1966,6
196607,88.0,1966,7
196608,91.0,1966,8
196609,83.5,1966,9
196610,74.6,1966,10
196611,60.8,1966,11
196612,52.2,1966,12
196701,53.5,1967,1
196702,58.6,1967,2
196703,58.5,1967,3
196704,54.2,1967,4
196705,74.5,1967,5
196706,79.4,1967,6
196707,91.7,1967,7
196708,93.0,1967,8
196709,84.2,1967,9
196710,76.0,1967,10
196711,64.2,1967,11
196712,49.4,1967,12
196801,52.3,1968,1
196802,59.5,1968,2
196803,62.2,1968,3
196804,67.5,1968,4
196805,74.1,1968,5
196806,84.9,1968,6
196807,90.2,1968,7
196808,84.3,1968,8
196809,84.2,1968,9
196810,72.4,1968,10
196811,59.2,1968,11
196812,49.3,1968,12
196901,50.6,1969,1
196902,49.4,1969,2
196903,58.7,1969,3
196904,65.7,1969,4
196905,77.6,1969,5
196906,79.1,1969,6
196907,90.0,1969,7
196908,92.2,1969,8
196909,85.4,1969,9
196910,68.9,1969,10
196911,63.2,1969,11
196912,55.1,1969,12
197001,53.2,1970,1
197002,59.3,1970,2
197003,60.8,1970,3
197004,62.8,1970,4
197005,77.1,1970,5
197006,83.5,1970,6
197007,91.7,1970,7
197008,90.6,1970,8
197009,83.6,1970,9
197010,71.3,1970,10
197011,60.9,1970,11
197012,49.0,1970,12
197101,52.8,1971,1
197102,56.5,1971,2
197103,59.8,1971,3
197104,64.1,1971,4
197105,69.1,1971,5
197106,80.7,1971,6
197107,90.6,1971,7
197108,90.6,1971,8
197109,83.1,1971,9
197110,69.3,1971,10
197111,59.3,1971,11
197112,47.4,1971,12
197201,50.3,1972,1
197202,58.2,1972,2
197203,67.5,1972,3
197204,66.5,1972,4
197205,76.4,1972,5
197206,84.1,1972,6
197207,91.8,1972,7
197208,88.6,1972,8
197209,80.1,1972,9
197210,67.8,1972,10
197211,55.7,1972,11
197212,48.0,1972,12
197301,49.3,1973,1
197302,54.4,1973,2
197303,54.3,1973,3
197304,66.8,1973,4
197305,78.5,1973,5
197306,85.9,1973,6
197307,90.5,1973,7
197308,88.3,1973,8
197309,81.9,1973,9
197310,72.3,1973,10
197311,56.7,1973,11
197312,53.6,1973,12
197401,50.1,1974,1
197402,56.1,1974,2
197403,59.3,1974,3
197404,65.1,1974,4
197405,75.5,1974,5
197406,86.2,1974,6
197407,88.4,1974,7
197408,88.7,1974,8
197409,87.3,1974,9
197410,73.5,1974,10
197411,60.7,1974,11
197412,51.3,1974,12
197501,53.7,1975,1
197502,53.5,1975,2
197503,55.7,1975,3
197504,57.9,1975,4
197505,74.9,1975,5
197506,82.6,1975,6
197507,88.3,1975,7
197508,87.0,1975,8
197509,85.5,1975,9
197510,69.8,1975,10
197511,59.6,1975,11
197512,55.9,1975,12
197601,56.9,1976,1
197602,56.4,1976,2
197603,59.4,1976,3
197604,63.0,1976,4
197605,77.8,1976,5
197606,82.9,1976,6
197607,89.0,1976,7
197608,83.2,1976,8
197609,80.2,1976,9
197610,74.1,1976,10
197611,65.6,1976,11
197612,57.6,1976,12
197701,51.1,1977,1
197702,61.8,1977,2
197703,57.1,1977,3
197704,71.1,1977,4
197705,65.9,1977,5
197706,85.6,1977,6
197707,90.2,1977,7
197708,89.0,1977,8
197709,81.0,1977,9
197710,74.7,1977,10
197711,63.1,1977,11
197712,56.2,1977,12
197801,52.7,1978,1
197802,55.2,1978,2
197803,62.3,1978,3
197804,61.9,1978,4
197805,75.1,1978,5
197806,83.6,1978,6
197807,89.9,1978,7
197808,88.6,1978,8
197809,80.0,1978,9
197810,78.4,1978,10
197811,58.0,1978,11
197812,49.4,1978,12
197901,48.3,1979,1
197902,53.1,1979,2
197903,59.4,1979,3
197904,65.8,1979,4
197905,76.2,1979,5
197906,85.5,1979,6
197907,89.6,1979,7
197908,86.0,1979,8
197909,87.6,1979,9
197910,73.2,1979,10
197911,59.3,1979,11
197912,56.9,1979,12
198001,54.1,1980,1
198002,58.0,1980,2
198003,57.8,1980,3
198004,66.9,1980,4
198005,70.3,1980,5
198006,79.7,1980,6
198007,90.0,1980,7
198008,87.8,1980,8
198009,83.2,1980,9
198010,75.7,1980,10
198011,64.0,1980,11
198012,58.3,1980,12
198101,56.2,1981,1
198102,58.7,1981,2
198103,58.8,1981,3
198104,69.4,1981,4
198105,74.8,1981,5
198106,88.2,1981,6
198107,91.2,1981,7
198108,91.4,1981,8
198109,84.6,1981,9
198110,68.6,1981,10
198111,61.9,1981,11
198112,55.6,1981,12
198201,50.0,1982,1
198202,57.2,1982,2
198203,56.2,1982,3
198204,63.8,1982,4
198205,75.6,1982,5
198206,79.3,1982,6
198207,87.3,1982,7
198208,88.1,1982,8
198209,79.6,1982,9
198210,70.7,1982,10
198211,56.1,1982,11
198212,51.3,1982,12
198301,53.4,1983,1
198302,55.2,1983,2
198303,56.7,1983,3
198304,60.2,1983,4
198305,74.8,1983,5
198306,81.4,1983,6
198307,86.4,1983,7
198308,86.8,1983,8
198309,84.2,1983,9
198310,73.4,1983,10
198311,57.9,1983,11
198312,52.8,1983,12
198401,55.7,1984,1
198402,57.6,1984,2
198403,64.3,1984,3
198404,65.1,1984,4
198405,79.8,1984,5
198406,82.2,1984,6
198407,91.2,1984,7
198408,89.0,1984,8
198409,86.5,1984,9
198410,67.5,1984,10
198411,56.7,1984,11
198412,48.8,1984,12
198501,51.5,1985,1
198502,57.2,1985,2
198503,57.8,1985,3
198504,72.1,1985,4
198505,75.1,1985,5
198506,87.6,1985,6
198507,91.8,1985,7
198508,88.4,1985,8
198509,76.8,1985,9
198510,71.9,1985,10
198511,55.7,1985,11
198512,53.3,1985,12
198601,58.6,1986,1
198602,58.0,1986,2
198603,64.8,1986,3
198604,66.9,1986,4
198605,76.1,1986,5
198606,85.8,1986,6
198607,87.4,1986,7
198608,91.1,1986,8
198609,75.8,1986,9
198610,72.2,1986,10
198611,64.1,1986,11
198612,54.1,1986,12
198701,51.5,1987,1
198702,56.9,1987,2
198703,59.4,1987,3
198704,74.1,1987,4
198705,76.7,1987,5
198706,85.8,1987,6
198707,85.2,1987,7
198708,89.5,1987,8
198709,84.8,1987,9
198710,77.0,1987,10
198711,59.2,1987,11
198712,49.1,1987,12
198801,52.2,1988,1
198802,61.8,1988,2
198803,65.2,1988,3
198804,67.5,1988,4
198805,73.9,1988,5
198806,82.2,1988,6
198807,92.7,1988,7
198808,89.4,1988,8
198809,84.7,1988,9
198810,79.1,1988,10
198811,59.5,1988,11
198812,52.7,1988,12
198901,51.8,1989,1
198902,53.2,1989,2
198903,62.5,1989,3
198904,73.5,1989,4
198905,74.7,1989,5
198906,83.7,1989,6
198907,90.8,1989,7
198908,86.6,1989,8
198909,82.4,1989,9
198910,71.7,1989,10
198911,65.0,1989,11
198912,57.4,1989,12
199001,53.6,1990,1
199002,53.8,1990,2
199003,63.5,1990,3
199004,71.0,1990,4
199005,73.0,1990,5
199006,84.0,1990,6
199007,90.8,1990,7
199008,87.7,1990,8
199009,84.1,1990,9
199010,76.5,1990,10
199011,62.4,1990,11
199012,50.0,1990,12
199101,54.6,1991,1
199102,64.2,1991,2
199103,54.1,1991,3
199104,65.0,1991,4
199105,70.8,1991,5
199106,80.1,1991,6
199107,90.1,1991,7
199108,87.4,1991,8
199109,87.0,1991,9
199110,78.4,1991,10
199111,63.3,1991,11
199112,54.0,1991,12
199201,53.1,1992,1
199202,58.3,1992,2
199203,60.7,1992,3
199204,72.0,1992,4
199205,80.9,1992,5
199206,82.5,1992,6
199207,87.7,1992,7
199208,91.2,1992,8
199209,85.7,1992,9
199210,75.6,1992,10
199211,60.8,1992,11
199212,49.3,1992,12
199301,49.6,1993,1
199302,52.6,1993,2
199303,63.5,1993,3
199304,67.3,1993,4
199305,75.0,1993,5
199306,81.9,1993,6
199307,86.5,1993,7
199308,87.8,1993,8
199309,84.9,1993,9
199310,74.1,1993,10
199311,60.9,1993,11
199312,53.4,1993,12
199401,56.9,1994,1
199402,53.7,1994,2
199403,65.2,1994,3
199404,68.3,1994,4
199405,73.9,1994,5
199406,86.1,1994,6
199407,91.5,1994,7
199408,91.3,1994,8
199409,84.3,1994,9
199410,71.8,1994,10
199411,52.9,1994,11
199412,51.1,1994,12
199501,51.1,1995,1
199502,62.0,1995,2
199503,58.5,1995,3
199504,64.6,1995,4
199505,69.8,1995,5
199506,79.7,1995,6
199507,88.8,1995,7
199508,90.3,1995,8
199509,85.9,1995,9
199510,76.9,1995,10
199511,68.6,1995,11
199512,55.6,1995,12
199601,55.2,1996,1
199602,58.0,1996,2
199603,63.5,1996,3
199604,69.8,1996,4
199605,75.8,1996,5
199606,85.4,1996,6
199607,93.0,1996,7
199608,92.2,1996,8
199609,82.8,1996,9
199610,72.3,1996,10
199611,61.5,1996,11
199612,53.9,1996,12
199701,52.9,1997,1
199702,57.7,1997,2
199703,67.7,1997,3
199704,68.1,1997,4
199705,81.8,1997,5
199706,81.8,1997,6
199707,88.8,1997,7
199708,89.3,1997,8
199709,84.3,1997,9
199710,72.1,1997,10
199711,61.4,1997,11
199712,51.7,1997,12
199801,53.4,1998,1
199802,51.0,1998,2
199803,59.9,1998,3
199804,63.1,1998,4
199805,65.4,1998,5
199806,78.0,1998,6
199807,90.7,1998,7
199808,92.7,1998,8
199809,82.3,1998,9
199810,70.8,1998,10
199811,58.9,1998,11
199812,52.8,1998,12
199901,55.4,1999,1
199902,55.1,1999,2
199903,58.6,1999,3
199904,63.2,1999,4
199905,74.1,1999,5
199906,82.3,1999,6
199907,88.1,1999,7
199908,87.1,1999,8
199909,85.6,1999,9
199910,79.0,1999,10
199911,64.6,1999,11
199912,57.0,1999,12
200001,54.9,2000,1
200002,56.0,2000,2
200003,61.7,2000,3
200004,71.1,2000,4
200005,77.3,2000,5
200006,87.0,2000,6
200007,88.5,2000,7
200008,89.8,2000,8
200009,83.6,2000,9
200010,70.2,2000,10
200011,57.2,2000,11
200012,57.7,2000,12
200101,52.6,2001,1
200102,52.6,2001,2
200103,64.3,2001,3
200104,64.4,2001,4
200105,83.8,2001,5
200106,86.3,2001,6
200107,88.8,2001,7
200108,91.4,2001,8
200109,86.1,2001,9
200110,77.5,2001,10
200111,61.7,2001,11
200112,51.2,2001,12
200201,52.5,2002,1
200202,60.7,2002,2
200203,61.0,2002,3
200204,68.7,2002,4
200205,75.5,2002,5
200206,86.5,2002,6
200207,92.6,2002,7
200208,90.0,2002,8
200209,86.0,2002,9
200210,73.2,2002,10
200211,64.0,2002,11
200212,52.9,2002,12
200301,60.1,2003,1
200302,56.2,2003,2
200303,63.0,2003,3
200304,60.7,2003,4
200305,75.4,2003,5
200306,86.1,2003,6
200307,93.8,2003,7
200308,89.2,2003,8
200309,88.0,2003,9
200310,80.2,2003,10
200311,56.7,2003,11
200312,52.8,2003,12
200401,53.0,2004,1
200402,53.6,2004,2
200403,70.2,2004,3
200404,70.7,2004,4
200405,77.2,2004,5
200406,85.2,2004,6
200407,91.0,2004,7
200408,89.7,2004,8
200409,84.5,2004,9
200410,69.9,2004,10
200411,57.9,2004,11
200412,54.1,2004,12
200501,52.4,2005,1
200502,56.1,2005,2
200503,62.2,2005,3
200504,65.6,2005,4
200505,74.8,2005,5
200506,79.9,2005,6
200507,93.5,2005,7
200508,91.0,2005,8
200509,81.7,2005,9
200510,73.0,2005,10
200511,64.0,2005,11
200512,55.5,2005,12
200601,54.2,2006,1
200602,60.1,2006,2
200603,53.7,2006,3
200604,63.9,2006,4
200605,78.5,2006,5
200606,87.8,2006,6
200607,94.2,2006,7
200608,89.2,2006,8
200609,84.8,2006,9
200610,72.2,2006,10
200611,62.2,2006,11
200612,54.7,2006,12
200701,53.6,2007,1
200702,57.0,2007,2
200703,68.0,2007,3
200704,69.4,2007,4
200705,78.6,2007,5
200706,85.9,2007,6
200707,91.8,2007,7
200708,91.1,2007,8
200709,81.5,2007,9
200710,71.1,2007,10
200711,65.6,2007,11
200712,50.7,2007,12
200801,49.7,2008,1
200802,56.9,2008,2
200803,63.1,2008,3
200804,68.4,2008,4
200805,75.1,2008,5
200806,86.7,2008,6
200807,91.4,2008,7
200808,91.6,2008,8
200809,87.3,2008,9
200810,76.1,2008,10
200811,64.9,2008,11
200812,51.7,2008,12
200901,58.2,2009,1
200902,55.1,2009,2
200903,61.4,2009,3
200904,67.9,2009,4
200905,80.6,2009,5
200906,80.7,2009,6
200907,93.0,2009,7
200908,90.2,2009,8
200909,88.4,2009,9
200910,70.8,2009,10
200911,63.2,2009,11
200912,51.3,2009,12
201001,53.7,2010,1
201002,56.1,2010,2
201003,60.9,2010,3
201004,62.8,2010,4
201005,69.8,2010,5
201006,83.2,2010,6
201007,91.0,2010,7
201008,88.6,2010,8
201009,86.0,2010,9
201010,71.9,2010,10
201011,59.6,2010,11
201012,53.8,2010,12
201101,55.7,2011,1
201102,54.6,2011,2
201103,58.9,2011,3
201104,65.7,2011,4
201105,70.3,2011,5
201106,80.5,2011,6
201107,88.4,2011,7
201108,90.5,2011,8
201109,87.2,2011,9
201110,74.3,2011,10
201111,58.9,2011,11
201112,55.0,2011,12
201201,58.6,2012,1
201202,58.0,2012,2
201203,60.4,2012,3
201204,68.4,2012,4
201205,78.6,2012,5
201206,84.3,2012,6
201207,89.6,2012,7
201208,92.8,2012,8
201209,88.3,2012,9
201210,75.4,2012,10
201211,63.6,2012,11
201212,51.8,2012,12
201301,53.2,2013,1
201302,57.6,2013,2
201303,66.5,2013,3
201304,71.7,2013,4
201305,77.5,2013,5
201306,87.2,2013,6
201307,92.7,2013,7
201308,89.0,2013,8
201309,83.1,2013,9
201310,72.5,2013,10
201311,63.7,2013,11
201312,56.2,2013,12
201401,63.0,2014,1
201402,60.6,2014,2
201403,65.3,2014,3
201404,71.0,2014,4
201405,78.8,2014,5
201406,87.1,2014,6
201407,92.7,2014,7
201408,89.0,2014,8
201409,86.2,2014,9
201410,78.1,2014,10
201411,64.2,2014,11
201412,54.6,2014,12
201501,59.4,2015,1
201502,65.0,2015,2
201503,70.2,2015,3
201504,70.3,2015,4
201505,73.2,2015,5
201506,89.1,2015,6
201507,88.5,2015,7
201508,91.0,2015,8
201509,86.2,2015,9
201510,77.5,2015,10
201511,59.0,2015,11
201512,51.7,2015,12
201601,52.9,2016,1
201602,64.2,2016,2
201603,63.7,2016,3
201604,70.4,2016,4
201605,74.8,2016,5
201606,88.3,2016,6
201607,91.9,2016,7
201608,91.2,2016,8
201609,84.2,2016,9
201610,72.0,2016,10
201611,63.7,2016,11
201612,53.0,2016,12
201701,50.3,2017,1
201702,55.6,2017,2
201703,65.1,2017,3
201704,67.7,2017,4
201705,77.2,2017,5
201706,87.3,2017,6
201707,93.7,2017,7
201708,92.1,2017,8
201709,83.1,2017,9
201710,76.5,2017,10
201711,63.7,2017,11
201712,59.7,2017,12
201801,58.6,2018,1
201802,59.0,2018,2
201803,59.7,2018,3
201804,70.0,2018,4
201805,75.9,2018,5
201806,86.5,2018,6
201807,94.0,2018,7
201808,91.0,2018,8
201809,86.0,2018,9
201810,73.5,2018,10
201811,64.5,2018,11
201812,53.8,2018,12
201901,55.2,2019,1
201902,49.2,2019,2
201903,59.2,2019,3
201904,70.3,2019,4
201905,70.2,2019,5
201906,85.3,2019,6
201907,90.0,2019,7
201908,91.5,2019,8
201909,82.5,2019,9
201910,73.3,2019,10
201911,65.6,2019,11
201912,52.2,2019,12
202001,55.1,2020,1
202002,62.1,2020,2
202003,58.3,2020,3
202004,68.6,2020,4
202005,78.4,2020,5
202006,84.9,2020,6
202007,92.0,2020,7
202008,93.6,2020,8
202009,88.8,2020,9
202010,81.2,2020,10
202011,63.2,2020,11
202012,56.7,2020,12
202101,55.6,2021,1
202102,58.7,2021,2
202103,60.3,2021,3
202104,72.5,2021,4
202105,78.9,2021,5
202106,89.8,2021,6
202107,94.2,2021,7
202108,91.8,2021,8
202109,86.6,2021,9
202110,70.3,2021,10
202111,66.1,2021,11
202112,52.3,2021,12
202201,57.9,2022,1
202202,61.2,2022,2
202203,66.2,2022,3
202204,69.2,2022,4
202205,76.4,2022,5
202206,86.9,2022,6
202207,92.3,2022,7
202208,92.9,2022,8
202209,87.6,2022,9
202210,77.6,2022,10
202211,58.4,2022,11
202212,52.4,2022,12
202301,51.2,2023,1
202302,53.5,2023,2
202303,53.4,2023,3
202304,68.3,2023,4
202305,74.5,2023,5
202306,80.2,2023,6
202307,94.0,2023,7
202308,89.8,2023,8
202309,80.9,2023,9
202310,75.2,2023,10
202311,63.5,2023,11
202312,57.8,2023,12
202401,54.4,2024,1
202402,55.3,2024,2
202403,59.0,2024,3
202404,67.9,2024,4
202405,76.9,2024,5
202406,88.8,2024,6
202407,96.8,2024,7
202408,90.7,2024,8
202409,87.2,2024,9
202410,79.5,2024,10
202411,59.2,2024,11
